id,created_at,text
1008839504902307840,2018-06-18 22:30:55,rest in peace ğŸ™ğŸ™ğŸ™  I never told you how much you inspired me when you were here   thank you for existing https://t.co/QU7DR3Ghbw
1008052927808733184,2018-06-16 18:25:21,ğŸ˜ğŸ˜ğŸ˜ https://t.co/lRkpsQ94iN
1008039776732106757,2018-06-16 17:33:05,1...2...3...ğŸ”¥ğŸ”¥ğŸ”¥ğŸ”¥ğŸ”¥ https://t.co/IPhCypJOhC
1007844989806579712,2018-06-16 04:39:05,https://t.co/sxOn37QP0h
1007434769544634368,2018-06-15 01:29:00,RT @Nas: My album release party tonight LIVE with @YouTubeMusic â†’ https://t.co/KF1DIxFaw4 #NASIR
1007434491055312896,2018-06-15 01:27:54,RT @Nas: The Kids Are Our Future. NASIR out everywhere tomorrow! Executive Produced by @kanyewest #NASIR https://t.co/gpRUBT7FPU
1007242346763698176,2018-06-14 12:44:23,sometimes I have trouble saying no because I want to help everyone
1007242171362054144,2018-06-14 12:43:41,this is new for me but itâ€™s just how I feel now. I donâ€™t know why. I thought my ego protected me from doubters so tâ€¦ https://t.co/pC1d7C5UkK
1007240200727089153,2018-06-14 12:35:52,Who or what is Kanye West with no ego? Just Ye
1007239893481766912,2018-06-14 12:34:38,I killed my ego
1007239693291773952,2018-06-14 12:33:51,your pride can be and will be used against you
1007239618041765889,2018-06-14 12:33:33,be great without pride
1007239543408357377,2018-06-14 12:33:15,give without pride
1007052882451968000,2018-06-14 00:11:31,https://t.co/GBaHHmLIL3
1007052712905592832,2018-06-14 00:10:51,"RT @s_lomba1: Thank you for #KidsSeeGhosts , @KidCudi and @kanyewest . Rebornâ€™s meaning is as beautiful as the album artwork. Thanks a buncâ€¦"
1007052675714711552,2018-06-14 00:10:42,"RT @LuisRagon7: ""Everybody want world peace, till your niece gets shot in the dome-piece, then you go and get your own piece, hoping it'llâ€¦"
1007052630416228352,2018-06-14 00:10:31,ğŸ˜¢ğŸ™ğŸ™ğŸ™ğŸ™ https://t.co/0Z5HDZFnx4
1007052527081119745,2018-06-14 00:10:07,RT @Bubbabue: @kanyewest Your album #ye is an inspiration. I can completely relate to every song.  Iâ€™m going through my own issues right noâ€¦
1007052477215019008,2018-06-14 00:09:55,RT @danicapelli: i remember tweeting about synchronicities but this whole era really takes the cake for me. this man call bipolar disorderâ€¦
1006959393965948928,2018-06-13 18:00:02,Leaders create leaders
1006739170897743872,2018-06-13 03:24:57,https://t.co/PEeKDDUrSl
1006694708867842048,2018-06-13 00:28:16,Supermoon YEEZY desert rat campaign shot by Eli Linnetz ğŸ”¥ğŸ”¥ğŸ”¥ğŸ”¥ğŸ”¥ğŸ”¥ğŸ”¥ğŸ”¥ğŸ”¥ğŸ”¥ğŸ”¥ğŸ”¥ğŸ”¥ğŸ”¥ğŸ”¥ğŸ”¥ğŸ”¥ğŸ”¥
1006694587178422272,2018-06-13 00:27:47,https://t.co/ZZyma1RDde
1006694553514958848,2018-06-13 00:27:39,https://t.co/D6ubUZF11o
1006694460418240512,2018-06-13 00:27:17,https://t.co/0rZFimqlOb
1006694427526483968,2018-06-13 00:27:09,https://t.co/bgaE5M6Pq0
1006694387265355777,2018-06-13 00:27:00,https://t.co/hbtCFijEVT
1006694356047155200,2018-06-13 00:26:52,https://t.co/lUYf1h5MBe
1006694303836409856,2018-06-13 00:26:40,https://t.co/MU16ssRl6E
1006694258688983040,2018-06-13 00:26:29,https://t.co/N7RRqUiY0f
1006694236480143360,2018-06-13 00:26:24,https://t.co/pPafVRL2ai
1006694191148044289,2018-06-13 00:26:13,https://t.co/v0dMpbHO4s
1006694153843982336,2018-06-13 00:26:04,https://t.co/CLrZhCuPfV
1006694105605214208,2018-06-13 00:25:52,https://t.co/ldZmPj3ZL5
1006694069462970368,2018-06-13 00:25:44,https://t.co/elaym8M5nD
1006694042992762881,2018-06-13 00:25:37,https://t.co/DxKBC17uLE
1006694013775196161,2018-06-13 00:25:31,https://t.co/t92ZyCK5Jv
1006693985924943872,2018-06-13 00:25:24,https://t.co/tElIvc7ujx
1006693951003168769,2018-06-13 00:25:16,https://t.co/9v3l7dAo2k
1006693910196903936,2018-06-13 00:25:06,https://t.co/9sp8bwb6Ko
1006693869772103680,2018-06-13 00:24:56,https://t.co/VdJKyDmcVJ
1006693833726259201,2018-06-13 00:24:48,https://t.co/ajULgsReUe
1006693780215382016,2018-06-13 00:24:35,https://t.co/tFwZXfZjH9
1006693747306815488,2018-06-13 00:24:27,https://t.co/X4V2wyDhVq
1006693708765392896,2018-06-13 00:24:18,https://t.co/onz2qOLATS
1006693661248114688,2018-06-13 00:24:06,https://t.co/6bASsjft0i
1006693615077224448,2018-06-13 00:23:55,https://t.co/mrAGKDdxwo
1006693582512648192,2018-06-13 00:23:48,https://t.co/3F7rlUTQzS
1006693546328354816,2018-06-13 00:23:39,https://t.co/CJh6fxxT1W
1006693485993385984,2018-06-13 00:23:25,https://t.co/ahgFhhq9QD
1006693441189711872,2018-06-13 00:23:14,https://t.co/ZN5OHzjTsj
1006693351435825152,2018-06-13 00:22:53,https://t.co/wIReZapSje
1006693311459962880,2018-06-13 00:22:43,https://t.co/Qe113Iwx2N
1006693256451616774,2018-06-13 00:22:30,https://t.co/0ZwE3jnBw4
1006693206057103360,2018-06-13 00:22:18,https://t.co/x4q8U34qUS
1006683361690116096,2018-06-12 23:43:11,freeeeeeeeeee https://t.co/ioKUaaVy2a
1006680756779798528,2018-06-12 23:32:50,I be taking naps
1006668235142361088,2018-06-12 22:43:04,Bloody Dior in Wyoming hoodie https://t.co/RkRAtb0BfL
1006630138920906752,2018-06-12 20:11:42,https://t.co/V7ZeBuufOB
1006621639419703296,2018-06-12 19:37:55,your guys writing and approach is so innovative â€¦ I love how you guys break the 4th wallâ€¦ thank you for being innovâ€¦ https://t.co/fkay133ewy
1006621583572492288,2018-06-12 19:37:42,I love both Deadpool moviesğŸ”¥ğŸ”¥ğŸ”¥ğŸ”¥ğŸ”¥ğŸ”¥ğŸ”¥ğŸ”¥ğŸ”¥â€¦  I heard tracks in it that sound similar to mineâ€¦  bro I would have cleared my music for Deadpool â€¦
1006554621064572928,2018-06-12 15:11:37,Thank you to my wife for throwing me the most beautiful fun and intimate birthday party https://t.co/1ZR4DlCtMc
1006554244151832577,2018-06-12 15:10:07,https://t.co/bw7xN9wl8g https://t.co/ri1kM8GUEh
1006350203140468737,2018-06-12 01:39:20,Thank you to everyone who supported our 8th number 1 album  ğŸ™ŒğŸ™ŒğŸ™ŒğŸ”¥ğŸ”¥ğŸ”¥ğŸ”¥ğŸ”¥ğŸ”¥ğŸ”¥ğŸ”¥ğŸ”¥ğŸ”¥ğŸ”¥ğŸ”¥ğŸ”¥ğŸ”¥ğŸ”¥ğŸ”¥ğŸ”¥ğŸ”¥ğŸ”¥ğŸ”¥ğŸ”¥   all love   all great energyâ€¦ https://t.co/AdUmHGnfd7
1006333245560983552,2018-06-12 00:31:57,https://t.co/PsUa8R6g67
1006331822354022400,2018-06-12 00:26:17,https://t.co/4wDx2pfzew
1006331722571476992,2018-06-12 00:25:54,ğŸ˜¢ https://t.co/c5v5fuSBgz
1006331557001302016,2018-06-12 00:25:14,https://t.co/fopemnwiMI
1006260388856356864,2018-06-11 19:42:26,7 deadly sins https://t.co/YczOcBEMdY
1006240112651337728,2018-06-11 18:21:52,Weâ€™re trying new ideas without the fear of not being perfectâ€¦  Itâ€™s just a gut feeling sometimesâ€¦ just making stuff with your friendsâ€¦
1006240061686366208,2018-06-11 18:21:40,Weâ€™re here creating in real time just having fun.     I hear the albums blasting out of the cars when I walk down tâ€¦ https://t.co/Btr6jZBeYP
1006239896254607360,2018-06-11 18:21:00,Just wanted to say Iâ€™m up in the morning working on the Nas album  and Iâ€™m so humbled by all the love weâ€™re gettingâ€¦ https://t.co/0KpWPPvzt0
1006216530135113729,2018-06-11 16:48:10,ğŸ˜‚ https://t.co/zD0cQryW3j
1006210012287401986,2018-06-11 16:22:16,ğŸ˜‚ https://t.co/0cbuZDQSuO
1004890866954063872,2018-06-08 01:00:27,Download the @WAV_Media app https://t.co/HxSvFHiSrY to watch the livestream of the KIDS SEE GHOSTS listening party tonight @ 8pm PST
1004832338650357762,2018-06-07 21:07:53,RT @tylerthecreator: see if i was tryna relate to more people i would say im struggling with loving myself because that seems like a commonâ€¦
1004561635153883136,2018-06-07 03:12:12,https://t.co/ssV4UeFpiL
1004522996185219072,2018-06-07 00:38:40,"RT @CNN: BREAKING: Alice Marie Johnson has just been released from prison after Trump commuted her sentence. ""I'm just so thankful. I feelâ€¦"
1004430259519803393,2018-06-06 18:30:09,RT @mic: BREAKING: President Trump has granted clemency to #AliceMarieJohnson after meeting with @KimKardashian West to talk about her caseâ€¦
1004430194923323392,2018-06-06 18:29:54,RT @KimKardashian: BEST NEWS EVER!!!! ğŸ™ğŸ¼ğŸ™ğŸ¼ğŸ™ğŸ¼                    https://t.co/JUbpbE1Bk0
1004430170189467648,2018-06-06 18:29:48,"RT @KimKardashian: So grateful to @realDonaldTrump, Jared Kushner &amp; to everyone who has showed compassion &amp; contributed countless hours toâ€¦"
1004430115902652416,2018-06-06 18:29:35,RT @KimKardashian: I hope to continue this important work by working together with organizations who have been fighting this fight for muchâ€¦
1004430080611794944,2018-06-06 18:29:27,RT @KimKardashian: The phone call I just had with Alice will forever be one of my best memories. Telling her for the first time and hearingâ€¦
1004342273071505408,2018-06-06 12:40:32,https://t.co/r2idQETRCQ
1004222866458533889,2018-06-06 04:46:03,RT @KidCudi: KIDS SEE GHOSTS ALBUM ART https://t.co/MVt5vIzlA1
1004221826438844416,2018-06-06 04:41:55,https://t.co/bYVgnuMASB
1004207627469914112,2018-06-06 03:45:30,ğŸ™ğŸ™ğŸ™    all love to her family https://t.co/p3cu3CUdw5
1004193086321221633,2018-06-06 02:47:43,#1 in 83 countries ğŸ™ŒğŸ™ŒğŸ™Œ  https://t.co/Z8FC9LPL7W
1004156527563890689,2018-06-06 00:22:27,https://t.co/FQUdTnViNC
1003701315032059905,2018-06-04 18:13:36,I feel so blessed.  For everyone that didn't turn they back. I'm in tears right now. I love all of you https://t.co/8jwIALBsDu
1003144845597159424,2018-06-03 05:22:23,ğŸ˜ğŸ˜ğŸ˜ https://t.co/PfxbSlZTNw
1003055635317993472,2018-06-02 23:27:53,"For all my dogs that stayed down, we up again ğŸ™ŒğŸ™ŒğŸ™Œ https://t.co/HSSyZeTI30"
1003046107125968896,2018-06-02 22:50:02,https://t.co/mramWmhY1S
1002784133888688128,2018-06-02 05:29:03,Iâ€™ve never been about beefÂ Â Â Â Iâ€™m about love Â  Â lines were crossed and itâ€™s not good for anyone Â  Â so this is dead now
1002752118032293888,2018-06-02 03:21:49,https://t.co/gtu95VUe64
1002738977026109445,2018-06-02 02:29:36,https://t.co/ngNMZjM7tN
1002642030239969281,2018-06-01 20:04:22,"https://t.co/SScskeUWQs

https://t.co/qMCfkQTjLy

https://t.co/pa0iHEIdZT"
1002638729259843585,2018-06-01 19:51:15,https://t.co/xYu7lH1rZ7
1002352319239839744,2018-06-01 00:53:10,"Download the @WAV_Media app https://t.co/HxSvFHiSrYÂ Â to watch the livestream of my album listening tonight in Jackson Hole, Wyoming 7PM MDT"
999901094355464192,2018-05-25 06:32:52,https://t.co/3YFh8MIHIH
999878225323999232,2018-05-25 05:02:00,New  Flacko ğŸ”¥ğŸ”¥ğŸ”¥ğŸ”¥ğŸ”¥ğŸ”¥ğŸ”¥ğŸ”¥ğŸ”¥ğŸ”¥ğŸ”¥ğŸ”¥ğŸ”¥ğŸ”¥ğŸ”¥ğŸ”¥ğŸ”¥ https://t.co/F3lAEVGX4A
999877650087690240,2018-05-25 04:59:43,https://t.co/QAZmYHt4eA
999813894796267521,2018-05-25 00:46:22,ğŸ”¥ğŸ”¥ğŸ”¥ This is one of my favorite moments. https://t.co/LLhZlU7fAG
999810956912836608,2018-05-25 00:34:42,gratitude and happiness best describe what my wife means to me. Iâ€™m deeply grateful and purely happy ğŸ˜Š
999777955894050816,2018-05-24 22:23:34,Daytona is the first project out of Wyoming.  Iâ€™m really proud of what we put together.   Weâ€™ve spent a year and aâ€¦ https://t.co/rnQ2uXTSeE
999771408258318338,2018-05-24 21:57:33,album 1   PUSHA T   DAYTONA   dropping 2mrw https://t.co/M1UPvax5fa
998642370747887622,2018-05-21 19:11:09,before Edward Bernays Americans purchased things based off needs       There was a a time in the 20s when women didâ€¦ https://t.co/FQMq29vChC
998642119123206144,2018-05-21 19:10:09,the century of self   https://t.co/JVvJby2TFq        Itâ€™s 4 hours long but youâ€™ll get the gist in the first 20 minuâ€¦ https://t.co/6h5mjB1qih
998641627328536578,2018-05-21 19:08:12,Google dopamine
998641541395636226,2018-05-21 19:07:51,there was a time when we completely operated without phones.  We're addicted to our phones.
998641417072271360,2018-05-21 19:07:22,Look at your phone as tool not an obligation.    Would you walk around with a hammer in your pocket?    You would pâ€¦ https://t.co/U7lY1tRZXH
998617145155072000,2018-05-21 17:30:55,Amma Mata had given over 32 million hugs https://t.co/OBotiHWZUU
998615853896581120,2018-05-21 17:25:47,sometimes we all need hugs
998014241364852738,2018-05-20 01:35:12,Very cozy. Sleeping in the studio https://t.co/hZk0UEW81G
997203474008846337,2018-05-17 19:53:30,"ğŸ¤£ğŸ¤£ğŸ¤£
https://t.co/I8lcHB8gxf"
996463788231610368,2018-05-15 18:54:15,https://t.co/o5GyOkB2hg
996420605485314048,2018-05-15 16:02:39,for anyone whose tried to text or call me in the past 2 weeks   I got rid of that phone so I could focus on these albums
996055522250899462,2018-05-14 15:51:56,The United Nations introduced the Sustainable Development goals and platform in 2015 to transform the world by 2030 https://t.co/ufbZlURwPA
995406393891958784,2018-05-12 20:52:32,rules are structure for people who canâ€™t carve their own path successfully
994812916938498048,2018-05-11 05:34:16,100%  I love the way you think. Iâ€™ll reach out https://t.co/MVqBKd0vaM
994693945794822144,2018-05-10 21:41:31,approved  700 V2 color way  Q4 ğŸ”¥ğŸ”¥ğŸ”¥ğŸ”¥ğŸ”¥ğŸ”¥ğŸ”¥ğŸ”¥ğŸ”¥ğŸ”¥ğŸ”¥ğŸ”¥ https://t.co/IWAzItCnEK
994679218356146176,2018-05-10 20:43:00,https://t.co/eUnzwhr72zÂ Â Â Â Â Â This is the greatest newsÂ Â Â Â Â Â This is my favorite showÂ Â Â Â Â Iâ€™ve seen every episode at least 5 times each
993899071650676737,2018-05-08 17:02:59,free thinking is a super power
993714095638495232,2018-05-08 04:47:57,ğŸ”¥ğŸ”¥ğŸ”¥ğŸ”¥ğŸ”¥ğŸ”¥ğŸ”¥ğŸ”¥ğŸ”¥ğŸ”¥ğŸ”¥ğŸ”¥ğŸ”¥ğŸ”¥ğŸ”¥ğŸ”¥ğŸ”¥ğŸ”¥ğŸ”¥ğŸ”¥ğŸ”¥ğŸ”¥ğŸ”¥ğŸ”¥ğŸ”¥ https://t.co/yEYJP7qrvf
993629062454067201,2018-05-07 23:10:03,https://t.co/5Fe6LJqAQo
993628914315546624,2018-05-07 23:09:28,https://t.co/y2DHIlfl9Q
993627515921952768,2018-05-07 23:03:55,original 350 sample https://t.co/MVn5J579t8
993584928930451456,2018-05-07 20:14:41,Itâ€™s about the feeling first https://t.co/4x2wkCMidR
993562911560761344,2018-05-07 18:47:12,Iâ€™m hyper focused on the now
993515435369771008,2018-05-07 15:38:33,https://t.co/pRxvzbTu7c
993232125796089856,2018-05-06 20:52:46,Childish Gambino - This is America     https://t.co/sknjKSgj8c
993231555328815105,2018-05-06 20:50:30,ğŸ˜‚ğŸ˜‚ğŸ˜‚ğŸ”¥ğŸ”¥ğŸ”¥ https://t.co/KmvxIwKkU6
993221454740185088,2018-05-06 20:10:22,weâ€™re starting a Yeezy architecture arm called Yeezy home. Weâ€™re looking for architects and industrial designers whâ€¦ https://t.co/0DGrDZ9DEz
993212368225124353,2018-05-06 19:34:16,naps are awesome
992962234102857728,2018-05-06 03:00:19,All music coming out of Yeezy sound has to ride like the new Tesla   Yeezy sound is Tesla radio
992935764886409216,2018-05-06 01:15:08,hologram https://t.co/yx0N61hrcr
992824088837017600,2018-05-05 17:51:23,I love the 700 V2s https://t.co/tVCUz4GZpL
992802186651316224,2018-05-05 16:24:21,take a walk outside.  Fresh air is healing
992515804989018112,2018-05-04 21:26:22,"In a moment of inspiration, energy and excitement I had posted this sketch and would like to acknowledge the true câ€¦ https://t.co/e6rRdA9Ae4"
992515744381321216,2018-05-04 21:26:08,Today I learned that a newly hired designer on the Yeezy team presented work that was not of their own. This personâ€¦ https://t.co/56QUEjfpA7
992476928346017792,2018-05-04 18:51:53,enjoy the present
992476137870606336,2018-05-04 18:48:45,if youâ€™re in the way of your own life youâ€™ll end up in the way of other peopleâ€™s lives too
992404023197224960,2018-05-04 14:02:11,I canâ€™t wait for electric planes.  Elon please hurry up with the âš¡ï¸ jetsğŸ˜­
992398514603704320,2018-05-04 13:40:18,I can still feel the love
991861260466638848,2018-05-03 02:05:27,@yeezy https://t.co/hVoaVm3EUY
991856491626840064,2018-05-03 01:46:30,https://t.co/IxydIAseI0
991855983394570241,2018-05-03 01:44:28,https://t.co/5smCEzqTmA
991855869255073792,2018-05-03 01:44:01,https://t.co/d3FttWufBL
991855252537147393,2018-05-03 01:41:34,https://t.co/jZ62l9x8GV
991854605582528512,2018-05-03 01:39:00,https://t.co/jCkREE9NzP
991853758010175488,2018-05-03 01:35:38,https://t.co/MO7BYwIB0b
991853431773057024,2018-05-03 01:34:20,https://t.co/IeNUbKXIZH
991828339961643008,2018-05-02 23:54:38,https://t.co/cGFzbVSNS6
991748818856173569,2018-05-02 18:38:38,this is so helpful. I'm always a student. I'm learning about love https://t.co/IknblRx4Pk
991561089291702274,2018-05-02 06:12:40,most fear is learned
991513942240280576,2018-05-02 03:05:19,energy meeting. Beings from all different backgrounds https://t.co/iJteS5MMbY
991467468655755264,2018-05-02 00:00:39,"when the media masses and scholars talk about what started today. Here's a title ... 

the overground hell road"
991466711583895553,2018-05-01 23:57:39,in school we need to learn how magic Johnson built his business not always about the past. Matter fact I've never eâ€¦ https://t.co/pbEjTJeCgR
991466191536377858,2018-05-01 23:55:35,we are programmed to always talk and fight race issues. We need to update our conversation.
991466129821392896,2018-05-01 23:55:20,the universe has a plan. I knew that TMZ would be awesome.
991459083797413888,2018-05-01 23:27:20,we need to have open discussions and ideas on unsettled pain
991455152363089920,2018-05-01 23:11:43,https://t.co/sq66Kaz3yc
991427311688859649,2018-05-01 21:21:05,https://t.co/alJp679tHp
991421548656451584,2018-05-01 20:58:11,Thank you Shade room for the love  https://t.co/kiclvIpFSS
991361016679153664,2018-05-01 16:57:39,we got love. Doing TMZ live with Harvey and Candace Owens https://t.co/yoZdHwpdis
991348957585358848,2018-05-01 16:09:44,https://t.co/Br5kIafXtG   Charlamagne interview also on YouTube
991348818053492736,2018-05-01 16:09:11,https://t.co/V7ZeBuufOB     Charlamagne interview
991192797435711488,2018-05-01 05:49:13,Making of ye vs the people        https://t.co/1xvft3175J
991117050289405952,2018-05-01 00:48:13,stop thinking about things for a long time without saying what you think
991092016195911680,2018-04-30 23:08:44,Eli with the drip https://t.co/FlNgliReGv
991060961170620416,2018-04-30 21:05:20,Open letter from Jan AdamsÂ Â Â Â This is amazing. Thank you so much for this connection brother. I can't wait to sit wâ€¦ https://t.co/ZRRDi0r8GY
991059206655492096,2018-04-30 20:58:22,we're starting WORLD LOVE 1 right now the opposite of a WORLD WAR
991059037989978112,2018-04-30 20:57:42,Through speech it may be saying simply the word love at the end of a phone call or just saying much love.
991059006025220096,2018-04-30 20:57:34,"I feel it was heavy handed for me to tell people to tell people ""I love you""  I would ask that we show love how eveâ€¦ https://t.co/3HX9nQOMzu"
991056660650065920,2018-04-30 20:48:15,We are all great artists. I said something ego driven in the Charlamagne interview that I'd like to update. I saidâ€¦ https://t.co/vOcA8SE8du
991051930011975680,2018-04-30 20:29:27,https://t.co/sIVjyPJslJ
991051845039673344,2018-04-30 20:29:07,Adi ShankarÂ Â Â We got love https://t.co/dyJyLRF79e
991042703587663874,2018-04-30 19:52:47,https://t.co/KTgTcvfsAC
991037236736024576,2018-04-30 19:31:04,love is infinite
991037050534051840,2018-04-30 19:30:20,infinite possibilities https://t.co/SogcrHMmx3
991036991918694400,2018-04-30 19:30:06,https://t.co/kuyAZxv85h
991036945785544711,2018-04-30 19:29:55,https://t.co/DMqCuG5DP8
991027869957603328,2018-04-30 18:53:51,Axel Vervoordt the globe
991026871415402496,2018-04-30 18:49:53,Candace Owens wrote this at the Office yesterday https://t.co/3utFm74k75
991025872680333312,2018-04-30 18:45:55,https://t.co/HrkNlEAxMc
991018904515301377,2018-04-30 18:18:13,weâ€™re opening up the conversation to the psychologists sociologists and philosophers of the world and we're movingâ€¦ https://t.co/AifFGXQd7f
991013645986418688,2018-04-30 17:57:20,"Yeezy is also food shelter communication education and now a VC 

we've invested in 3 companies since last week"
991013625354579968,2018-04-30 17:57:15,There has never been a Disney or Apple of apparel and now there is. We are hiring the greatest technical and industâ€¦ https://t.co/ybClLIhfeH
991013454143082496,2018-04-30 17:56:34,"ğŸ”¥ğŸ”¥ğŸ”¥
this is where a YEEZY study for base layer starts. I'm so excited about our new design team. Yeezy is no longerâ€¦ https://t.co/dKOcgLFGOE"
991004814975750144,2018-04-30 17:22:14,ğŸ”¥ğŸ”¥ğŸ”¥ğŸ˜ŠğŸ˜ŠğŸ˜Š just great energy bro ğŸ‰ https://t.co/QYLzHkCLHg
991001280989442048,2018-04-30 17:08:11,Try to avoid repetition     do meetings in different places and at different times than the normal     break the normal
991000311631298560,2018-04-30 17:04:20,https://t.co/NmkDiG5IbM
991000270116044800,2018-04-30 17:04:10,https://t.co/CeVEZmJBHb
990987525115150336,2018-04-30 16:13:32,we got love https://t.co/uTJpW9ddkX
990979240421085184,2018-04-30 15:40:37,we got love https://t.co/MQETaIchBf
990819984749162496,2018-04-30 05:07:47,https://t.co/JAw0pMKGqb
990786763021955073,2018-04-30 02:55:46,https://t.co/R1BecN4mMf
990734224670867456,2018-04-29 23:27:00,I'm at Sci-arc and just learned about desalination   Looking at a project by Ashley Morgan Hastings   But I can't tâ€¦ https://t.co/jXpDbJj9GE
990699431774244864,2018-04-29 21:08:45,There's a silent majority of people that have been silenced for too long
990698030939582464,2018-04-29 21:03:11,we're being starved and anyone who starts asking unpopular questions gets demonized. Only free thinkers can change the world
990697283174858752,2018-04-29 21:00:13,weâ€™re in this so-called information age but we're starving for wisdom
990696647226146816,2018-04-29 20:57:41,we're dying to be ourselves
990695668174831616,2018-04-29 20:53:48,Or weâ€™re dying because we've lost our inner child
990695427262500865,2018-04-29 20:52:50,or at least we're dying to be kids
990695360086532096,2018-04-29 20:52:34,Weâ€™re all kids
990695290301657090,2018-04-29 20:52:18,What would you do today if you are not afraid of the consequences of failure?
990695088685703169,2018-04-29 20:51:30,what makes kids so important to learn from psychologically is that they are not afraid to fail
990694237917233152,2018-04-29 20:48:07,Art is the escape hatch from oppression
990693938930401280,2018-04-29 20:46:55,Art is the threat to authority
990687143218462720,2018-04-29 20:19:55,energy is contagious
990611593699385344,2018-04-29 15:19:43,We can shape our future. I'm an optimist at my core. I know there will be harmony
990471537886019584,2018-04-29 06:03:11,Remove worry
990464301386293248,2018-04-29 05:34:26,Happy birthday Trav https://t.co/Jdo82LtW7a
990427021661487105,2018-04-29 03:06:17,RT @alialexanderorg: Weigh the argument against LOVE. Kanye sees this and as a Lincoln-Douglas Debater so does @ali. It is about the valueâ€¦
990419859698663424,2018-04-29 02:37:50,RT @alialexanderorg: .@Ali warned conservatives and republicans: let @KanyeWest be #KanyeWest. https://t.co/fVxOa6PpuJ
990405067676135425,2018-04-29 01:39:03,"https://t.co/szDOyewQLKÂ Â Â Â 

I'm posting this but not as a diss to J Cole. I love J Cole. I also love where Purp took his flow"
990402139762573313,2018-04-29 01:27:25,inspired by Emma https://t.co/TiZMthLK92
990397560878645248,2018-04-29 01:09:13,my hero  Emma Gonzalez https://t.co/aSdFmraenU
990387301363535872,2018-04-29 00:28:27,Mood board https://t.co/huJXClpqtq
990343854200008704,2018-04-28 21:35:49,f the world changed to love the world ğŸ—º https://t.co/BtqdEghrLf
990336500058406912,2018-04-28 21:06:35,today is the best day ever and tomorrow's going to be even better
990330333798150144,2018-04-28 20:42:05,ye vs the people @Â Â https://t.co/shjFIROujA https://t.co/8f8WZpO8WH
990322711422423040,2018-04-28 20:11:48,Trust your feelings. Stop thinking so much
990303291706785792,2018-04-28 18:54:38,lift yourself https://t.co/ggVztSeZeO
990278445992108032,2018-04-28 17:15:54,I've got a new challenge for everyone today. Pick somebody that you had an argument with that you think you hate maâ€¦ https://t.co/iIBFga66W3
990270145611251712,2018-04-28 16:42:55,https://t.co/qkvKK6A3Mm
990263790368256000,2018-04-28 16:17:40,https://t.co/QY2v1OgblE
990094756985253888,2018-04-28 05:05:59,Lead with love https://t.co/tj2a9LFYKZ
990082591540756480,2018-04-28 04:17:39,We got love. Agree to disagree https://t.co/kaTcPYH0zL
990024126860423168,2018-04-28 00:25:20,Lift YourselfÂ Â https://t.co/shjFIROujA
989916597195173888,2018-04-27 17:18:03,"I'm going to drop a song with a verse that will bring Ebro the closure he's been seeking 

The bars ğŸ”¥ğŸ”¥ğŸ”¥ğŸ”¥ğŸ”¥ğŸ”¥ğŸ”¥ğŸ”¥ğŸ”¥ğŸ”¥ğŸ”¥ğŸ”¥ğŸ”¥ğŸ”¥ğŸ”¥â€¦ https://t.co/QucTixF8g6"
989897228511670272,2018-04-27 16:01:05,I haven't done enough research on conservatives to call myself or be called one. I'm just refusing to be enslaved by monolithic thought.
989696422374129664,2018-04-27 02:43:09,https://t.co/CBfSpDahCP
989696401662656512,2018-04-27 02:43:04,https://t.co/ayEL4Fkftq
989696382389837826,2018-04-27 02:42:59,https://t.co/7PlBuFVc6G
989696353952387072,2018-04-27 02:42:53,https://t.co/Sd8YC2ZAcf
989696329612804096,2018-04-27 02:42:47,https://t.co/ZxLgpv8s19
989696303243214849,2018-04-27 02:42:41,https://t.co/5CE8Nmo7z9
989696244942450689,2018-04-27 02:42:27,https://t.co/86zXN9v580
989696222033260544,2018-04-27 02:42:21,https://t.co/BmbKLap9cy
989696191658049537,2018-04-27 02:42:14,https://t.co/rfoaaN0mmT
989696127237734400,2018-04-27 02:41:59,https://t.co/YIAyJvwtfx
989696092060073984,2018-04-27 02:41:50,https://t.co/tkJn2NvHSj
989696059352858625,2018-04-27 02:41:42,https://t.co/wQJo53QO4G
989696034698739712,2018-04-27 02:41:36,https://t.co/Szs0DASi52
989683459399471104,2018-04-27 01:51:38,https://t.co/X7glcr2ois
989644613559369729,2018-04-26 23:17:17,Artist transform tragedy into beauty
989627142014025729,2018-04-26 22:07:51,spread love. Put more love into the universe.
989571974018973697,2018-04-26 18:28:38,we are more worried about what we can lose than what we feel
989571189713518594,2018-04-26 18:25:31,it's really cool to say I hate you. But it's not cool to say I love you. Love has a stigma
989562129496731648,2018-04-26 17:49:31,"Instead of doing what you feel 
you just do what other people think you should do"
989562041324089344,2018-04-26 17:49:10,Your conscience should allow a physical manifestation of your subconscious but right now most peoples conscious isâ€¦ https://t.co/MpCqvUdK9E
989560391305854976,2018-04-26 17:42:37,https://t.co/4G1jCIMtbM
989560355562049536,2018-04-26 17:42:28,https://t.co/OfOiRcAKYu
989560331260198913,2018-04-26 17:42:22,https://t.co/I8XYjhwh3n
989560300729847808,2018-04-26 17:42:15,https://t.co/O7eZVaHZUH
989560274154749952,2018-04-26 17:42:09,https://t.co/iiBRibK2iV
989560241183338496,2018-04-26 17:42:01,https://t.co/iuubn9O1yI
989560201391964161,2018-04-26 17:41:51,https://t.co/G515Z1JywY
989560168856760320,2018-04-26 17:41:44,https://t.co/IKjKbeBTul
989560132781596672,2018-04-26 17:41:35,https://t.co/v13ATNczjT
989560102024695808,2018-04-26 17:41:28,https://t.co/hxavRIJ3oX
989556813849739264,2018-04-26 17:28:24,try telling people you love them it actually feels weird at first. We're really good at hating each other. We haveâ€¦ https://t.co/bqNmzbhH1o
989555920186228736,2018-04-26 17:24:51,the concept of loving people has a stigma
989554923074240512,2018-04-26 17:20:53,my friend said he texted all his friends this morning and said I love you
989554444990738432,2018-04-26 17:18:59,John Legend new single on line now ğŸ˜‚
989554372043460608,2018-04-26 17:18:41,This is year one. We can't ad empathy to MAGA by hating. We can only ad empathy with love and time and truly hearing all sides
989554344457453568,2018-04-26 17:18:35,I really appreciate this dialogue with John Legend because I'm actually very empathetic. Im still the kid from theâ€¦ https://t.co/ybUZfYAFBR
989551205780107264,2018-04-26 17:06:07,https://t.co/zxcloMEj9I
989549960436699136,2018-04-26 17:01:10,if you feel something don't let peer pressure manipulate you
989548514186178560,2018-04-26 16:55:25,I tweeted the John text to show that there are people around me that disagree with me and voice their opinion. I reâ€¦ https://t.co/TRiNcu5i3f
989541974070837248,2018-04-26 16:29:26,https://t.co/L9a7OeywJ6
989533251059437569,2018-04-26 15:54:46,People usually don't agree with people who don't agree with them
989527826792464385,2018-04-26 15:33:13,https://t.co/D4AqbseBRp
989526297758978048,2018-04-26 15:27:08,The world is our family
989525041669787649,2018-04-26 15:22:09,just think of someone you hate and try saying even to yourself that you love that person.
989524525241982980,2018-04-26 15:20:05,Though hate is a similar emotion to love. Hate is not the answer.  Love is.
989281218653966336,2018-04-25 23:13:17,that's the last tweet of the day. I did that one for my god-brother Puff.  Now ima go watch the Cavs.
989279529196638208,2018-04-25 23:06:34,159 employees to go https://t.co/a0KEeWMLtt
989279164464119809,2018-04-25 23:05:07,https://t.co/tB8SlAjIfV
989275379889094658,2018-04-25 22:50:05,2 of my favorite people
989275262490624000,2018-04-25 22:49:37,caption this photo https://t.co/XjesMH9LMd
989275016008163329,2018-04-25 22:48:38,can't wait to meet https://t.co/i7ixzuFpZC
989272340432240641,2018-04-25 22:38:00,Obama was in office for eight years and nothing in Chicago changed.
989272266377609216,2018-04-25 22:37:42,Claudio will be awesome when me and Chance build new homes in Chicago
989269268708511745,2018-04-25 22:25:48,Claudio Silverstein is a free thinker
989268601851920384,2018-04-25 22:23:09,Love is the most powerful force in the universe
989268464392011776,2018-04-25 22:22:36,let's move in love not fear
989267539464044544,2018-04-25 22:18:55,https://t.co/WMufnBTw8q
989260457247567872,2018-04-25 21:50:47,https://t.co/qjjqHjTpNN
989260322044182528,2018-04-25 21:50:15,me hero https://t.co/IGdq4hInRz
989257175322144768,2018-04-25 21:37:44,And any fan of me wants Ye to be Ye even when they don't agree because I represent the fact that they can be themseâ€¦ https://t.co/uxw3cXH2GU
989257137531506688,2018-04-25 21:37:35,"whenever someone mentions the word ""fan"" to me it's super manipulative. It's like ""don't do or say this because ofâ€¦ https://t.co/89qWyRvoGh"
989246183896858624,2018-04-25 20:54:04,I want to see a tour with Nikki Minaj and Cardi B
989244800409862144,2018-04-25 20:48:34,I'd like to meet with Tim Cook. I got some ideas
989244472629186560,2018-04-25 20:47:16,I feel calm but energized https://t.co/kMmtoUU7Ty
989241138107236352,2018-04-25 20:34:01,need Hype Williams for Nas movie
989239728858787840,2018-04-25 20:28:25,https://t.co/DXh6H4qkKR
989238679058038784,2018-04-25 20:24:14,I'm sitting with Lucian discussing the future of the music industry. Lets bring in David Joseph and Frank Bridgman and Olivier Nusse.
989238637765083136,2018-04-25 20:24:05,I'd like Scooter Braun to be a part of this new platform we're creating. Scooter is a genius.  He's more than a manâ€¦ https://t.co/9DYEiMwxcy
989232654707912704,2018-04-25 20:00:18,https://t.co/YyUw0mCKov
989228791976284160,2018-04-25 19:44:57,https://t.co/KzyHlDaywt
989227852162785280,2018-04-25 19:41:13,I'm so happy to hear that Peter Thiel would like to take a meeting. I feel very optimistic about the future.
989227154993963009,2018-04-25 19:38:27,my MAGA hat is signed ğŸ”¥ğŸ”¥ğŸ”¥ğŸ”¥ğŸ”¥ğŸ”¥ğŸ”¥ğŸ”¥ğŸ”¥ğŸ”¥ğŸ”¥ğŸ”¥ğŸ”¥ğŸ”¥ğŸ”¥ğŸ”¥ğŸ”¥ğŸ”¥ğŸ”¥ğŸ”¥ğŸ”¥ğŸ”¥ğŸ”¥ğŸ”¥ğŸ”¥ğŸ”¥ğŸ”¥ğŸ”¥ğŸ”¥ğŸ”¥ https://t.co/DrDHJybS8V
989222392630202368,2018-04-25 19:19:31,we got love https://t.co/Edk0WGscp6
989217091541549056,2018-04-25 18:58:28,I need to meet with Larry from google
989215788211949568,2018-04-25 18:53:17,Google supports YEEZY in ending violence in Chicago to start with
989214823320727552,2018-04-25 18:49:27,we'd be a strategic investor. Not just a VC
989211363166711808,2018-04-25 18:35:42,I'm 40 years old and I'm just now becoming my parents child.
989197113648037888,2018-04-25 17:39:04,Iâ€™m nice at ping pong
989193123065561089,2018-04-25 17:23:13,Kids See Ghost short film will be shot by Dexter Navy
989192498307219456,2018-04-25 17:20:44,my wife just called me and she wanted me to make this clear to everyone. I don't agree with everything Trump does.â€¦ https://t.co/CuUkTnXRYG
989189213202477057,2018-04-25 17:07:41,Yeezy VC invests in and develops food clothing shelter and communications
989184954310410240,2018-04-25 16:50:45,burn that excel spread sheet ğŸ”¥ğŸ˜‚
989184815340535808,2018-04-25 16:50:12,decentralize
989184405187973120,2018-04-25 16:48:35,fear takes strategy   Unlearn linear thinking   Hit you with these zig zag thoughts
989181787485028353,2018-04-25 16:38:10,no race religion region or political party can argue with the power of love
989181710787989504,2018-04-25 16:37:52,When my daughter acts out she actually says afterwards I just want to hear you say I love you more.
989181692614098944,2018-04-25 16:37:48,"I said express love more because we have love but we don't express it.  My friend Tmills will always say ""I love yoâ€¦ https://t.co/tgFiUU8ptA"
989181401223249921,2018-04-25 16:36:38,with love I am invincible. Truth is subjective but love is the most powerful force in the world and the world needs to express more of it.
989180231930925056,2018-04-25 16:32:00,And also I'm all the way out the sunken place. And I'm not scared anymore. I'm not scared of the media. I'm not scaâ€¦ https://t.co/myRrSGkQL6
989180180659777536,2018-04-25 16:31:47,"I love when people have their own ideas. You don't have to be allowed anymore. Just be. 

Love who you want to loveâ€¦ https://t.co/g8brHi6tkX"
989179949851463681,2018-04-25 16:30:52,If your friend jumps off the bridge you don't have to do the same. Ye being Ye is a fight for you to be you. For peâ€¦ https://t.co/jEtRk4Z9sC
989179757651574784,2018-04-25 16:30:06,You don't have to agree with trump but the mob can't make me not love him. We are both dragon energy. He is my brotâ€¦ https://t.co/jy5FzoNYwg
989177694309859328,2018-04-25 16:21:55,Free thinkers don't fear retaliation for your thoughts.  The traditional thinkers are only using thoughts and wordsâ€¦ https://t.co/ShRW1lE3sA
989173553852366849,2018-04-25 16:05:27,Rocky we gotta release our songs ASAP
989171941998149637,2018-04-25 15:59:03,I'm turn the Grammys into the Yammys
989168789378842624,2018-04-25 15:46:31,Trav we gotta drop the track with me you and Uzi this week bro. Let's goooooooooooooooooooooooooğŸ”¥ğŸ”¥ğŸ”¥ğŸ”¥ğŸ”¥ğŸ”¥ğŸ”¥ğŸ”¥ğŸ”¥ğŸ”¥ğŸ”¥ğŸ”¥ğŸ”¥ğŸ”¥ğŸ”¥ğŸ”¥ğŸ”¥ğŸ”¥
989165838803517440,2018-04-25 15:34:48,I leave my emojis bart Simpson color
989163923378094081,2018-04-25 15:27:11,I'm used to the heat of independent thoughts
989163803626516482,2018-04-25 15:26:43,more tweets from the sunken place ğŸ˜‚ https://t.co/nJQdQ2aVKn
989163632473686016,2018-04-25 15:26:02,ğŸ”¥ https://t.co/lT5VLNM0Kb
989163475636142080,2018-04-25 15:25:25,do this look like the sunken place ğŸ˜‚ https://t.co/ixzKnaaaSy
989162213603557376,2018-04-25 15:20:24,yes I said we. We the people like my brother Q Tip said on the final Tribe album that should have won the Grammy
989162018664935424,2018-04-25 15:19:37,when we become president we have to change the name of the plane from Air Force one to Yeezy force one â˜ï¸
989160136798228480,2018-04-25 15:12:08,the Charlamagne interview just got an offer on 10 million. Yo @cthagod should we hold off for a hundred million???â€¦ https://t.co/i7XnvJezjB
989158715868643329,2018-04-25 15:06:30,adidas have been great partners and they've let Yeezy be Yeezy.  This could've never happened at Nike
989158555855896576,2018-04-25 15:05:52,the Yeezy 700 is adidas most requested shoe
989158083203973120,2018-04-25 15:03:59,the desert rat 500 sold 250 thousand in one hour on Coachella weekend.  Please do not try to play Yeezy or anyone wâ€¦ https://t.co/KP5FhwrMZh
989157843214286848,2018-04-25 15:03:02,the Yeezy 350s sell 400 thousand pair in four hours. Only thing close to this is the iPhone.
989155921048756224,2018-04-25 14:55:23,North found a lady bug ğŸœ ğŸ› ğŸ•· ğŸ˜ŠğŸ”¥ğŸ”¥ğŸ”¥ğŸ”¥ğŸ”¥ğŸ”¥ğŸ”¥ğŸ”¥ğŸ”¥ğŸ”¥ğŸ”¥ğŸ”¥ğŸ”¥ğŸ”¥ğŸ”¥ğŸ”¥ğŸ”¥ğŸ”¥ğŸ”¥ğŸ”¥ğŸ”¥ğŸ”¥ğŸ”¥ğŸ”¥ğŸ”¥ğŸ”¥ğŸ”¥ğŸ”¥ğŸ”¥ğŸ”¥ğŸ”¥ğŸ”¥ https://t.co/eZxxEucALw
989154899140096000,2018-04-25 14:51:20,letâ€™s be like water ğŸ˜‚
989154809398706177,2018-04-25 14:50:58,oh and Ebro I love you. Ima let you finish but the Charlamagne interview is one of the best interviews of all time. ğŸ˜‚
989153701095915522,2018-04-25 14:46:34,now can I get back to my positive vibes ğŸ˜‚ğŸ˜‚ğŸ˜‚ğŸ˜‚ğŸ˜‚ğŸ˜‚ğŸ˜‚ğŸ˜‚ğŸ˜‚ğŸ˜‚ğŸ˜‚ğŸ˜‚ğŸ˜‚ğŸ˜‚ğŸ˜‚ğŸ˜‚ğŸ˜‚ğŸ˜‚ğŸ˜‚ğŸ˜‚ğŸ˜‚ğŸ˜‚ğŸ˜‚ğŸ˜‚ğŸ˜‚ğŸ˜‚ğŸ˜‚ğŸ˜‚ğŸ˜‚ğŸ˜‚ğŸ˜‚ğŸ˜‚ğŸ”¥ğŸ”¥ğŸ”¥ğŸ”¥ğŸ”¥ğŸ”¥ğŸ”¥ğŸ”¥ğŸ”¥ğŸ”¥ğŸ”¥ğŸ”¥ğŸ”¥ğŸ”¥ğŸ”¥ğŸ”¥ğŸ”¥ğŸ”¥ğŸ”¥ğŸ”¥ğŸ”¥ğŸ”¥ğŸ”¥ğŸ”¥ğŸ”¥ğŸ”¥ğŸ”¥ğŸ”¥ğŸ”¥
989153539015434241,2018-04-25 14:45:55,People magazine. Watch how you speak my name. You would love a pair of Yeezys.  Don't play yourself.
989153474242752515,2018-04-25 14:45:40,Harvey Levin of TMZ your hearing from your future president. Let's be friends. Please never use the word erratic toâ€¦ https://t.co/BV82UVOSPL
989152639031001088,2018-04-25 14:42:21,I follow the shade room.  Please never try to play Ye.
989152533259022337,2018-04-25 14:41:56,I am this generations Ford Hughes Jobs Disney
989151947218345987,2018-04-25 14:39:36,We will reach the prices I've promised
989151925080752129,2018-04-25 14:39:31,there's been a lot of fake news so I just wanted to give you the facts. Yeezy will become the biggest apparel compaâ€¦ https://t.co/EQEGi2DSGy
989151098324697088,2018-04-25 14:36:14,I am currently the single highest paid person in footwear. That means I make more money on shoes than Michael Jordan.
989150253185052674,2018-04-25 14:32:52,We have 160 positions to fill by the end of the year. Yeezy will hit a billion dollars this year. It is the 2nd fasâ€¦ https://t.co/WM6hGLBNKG
989150208595406849,2018-04-25 14:32:41,yes I got rid of my last lawyer why? Because he wouldn't come to work full time. I also asked my last manager to coâ€¦ https://t.co/cf3z7aEmXa
989142351321874432,2018-04-25 14:01:28,"I'm nobody's ""client"""
989142253468708864,2018-04-25 14:01:05,I no longer have a manager. I can't be managed
989135828122152960,2018-04-25 13:35:33,https://t.co/PDW3X9TeMG
988989883849961472,2018-04-25 03:55:37,spread love
988984329295441921,2018-04-25 03:33:33,2024
988813591582134272,2018-04-24 16:15:06,never a master. Always a student.
988798056798670851,2018-04-24 15:13:22,to be great is to be misunderstood
988797967908855809,2018-04-24 15:13:01,and we danced to music Michael all morning https://t.co/cLGK1lIOp8
988797264528228352,2018-04-24 15:10:13,me and Mike ğŸ˜‚ https://t.co/E79Uja1sBs
988795997869391873,2018-04-24 15:05:11,"dragon ğŸ‰ energy 
Natural born leaders
Very instinctive 
Great foresight"
988648873999548416,2018-04-24 05:20:34,you can say anything as long as you put the right emoji next to it.
988572877539569665,2018-04-24 00:18:35,If your foresight is incredible   Stay stubborn to your vision
988571191651713024,2018-04-24 00:11:53,Iâ€™ve always had a desire to do things people wouldnâ€™t even think to do
988542088747745280,2018-04-23 22:16:14,everyone should be their own biggest fan
988471442739159040,2018-04-23 17:35:31,even Prince once had an access pass
988469541519802368,2018-04-23 17:27:58,Prince opened up for Rick James. everybody starts some where https://t.co/7Gx5H23vgO
988463014423609345,2018-04-23 17:02:02,life is more exciting than the movies
988461387851550725,2018-04-23 16:55:34,Donald Glover is a free thinker
988456293248581632,2018-04-23 16:35:19,I feel like im 18 year old again when I make beats for Nas
988456198599929856,2018-04-23 16:34:57,new ideas will no longer be condemned by the masses. We are on the frontier of massive change. Starting from breakiâ€¦ https://t.co/5GKQ5T7JPn
988456148905832448,2018-04-23 16:34:45,ğŸ™ŒğŸ™ŒğŸ™Œ https://t.co/m5JGp9zKyM
988455986774994944,2018-04-23 16:34:06,https://t.co/VobrHnXk2A
988455348309651456,2018-04-23 16:31:34,https://t.co/bgUbqzUn9Y
988455196211662848,2018-04-23 16:30:58,https://t.co/ZAWui0eXDI
988454975738068993,2018-04-23 16:30:05,https://t.co/0u9NnvAQ17
988453523883937792,2018-04-23 16:24:19,https://t.co/IMuol6PDvm
988453157167509504,2018-04-23 16:22:51,https://t.co/tRDqm5hUdv
988452451253547008,2018-04-23 16:20:03,https://t.co/LIJfNwSnie
988452379224825856,2018-04-23 16:19:46,https://t.co/mxlrb7rBFe
988430865511301121,2018-04-23 14:54:17,we're evolving at warp speed
988241119166185472,2018-04-23 02:20:18,This is the funnest car Iâ€™ve ever driven
988240316942630912,2018-04-23 02:17:06,I'm super chaaaaaarged.  Bout to take this whole thing to mars
988239755862097921,2018-04-23 02:14:53,I heard these are really good for the environment ğŸ™
988239336788279296,2018-04-23 02:13:13,I really love my Tesla. I'm in the future. Thank you Elon.
988199197781323776,2018-04-22 23:33:43,Nas June 15th
988199097554296832,2018-04-22 23:33:19,I'm hand producing all the albums I tweeted about. Been chopping samples from the sunken place ğŸ˜‚Pusha May 25th My aâ€¦ https://t.co/Ix37c3LVYW
988166120984072192,2018-04-22 21:22:17,practice pure love
988165564257390592,2018-04-22 21:20:04,Itâ€™s no more baring people because they have different ideas.
988140705221496833,2018-04-22 19:41:17,https://t.co/ITBf2h71Z3
988137165207949312,2018-04-22 19:27:13,Joseph Beuys https://t.co/PC1BdcYwh8
988130467546255360,2018-04-22 19:00:36,I feel calm but energized https://t.co/O8mufnKQBt
988128753430638592,2018-04-22 18:53:48,self victimization is a disease
988128539231711237,2018-04-22 18:52:56,there was a time when slavery was the trend and apparently that time is still upon us. But now it's a mentality.
988127125545799680,2018-04-22 18:47:19,People respect people for following the general  trend and consensus
988126599408107520,2018-04-22 18:45:14,We live in a time where people donâ€™t respect people for being themselves
988126492608495616,2018-04-22 18:44:48,Constantly bringing up the past keeps you stuck there
988122922936975360,2018-04-22 18:30:37,The thought police want to suppress freedom of thought
988122800459104256,2018-04-22 18:30:08,we have freedom of speech but not freedom of thought
988122682766970880,2018-04-22 18:29:40,People demonize people and then they demonize anybody who sees anything positive in someone whose been demonized
988121796611260416,2018-04-22 18:26:09,The psychological zombie effect
988121708593725440,2018-04-22 18:25:48,Demonization has metastasized
988116492817334272,2018-04-22 18:05:04,David Hammons Higher Goals. https://t.co/1V7Tb3LuWm
988108879446753280,2018-04-22 17:34:49,https://t.co/LAsw1qqfk5
988100831307223040,2018-04-22 17:02:50,the blinders are off
988055697983066112,2018-04-22 14:03:30,question everything
987813587727990784,2018-04-21 22:01:26,George Condo Saint Pablo Tee https://t.co/iwCBjKLJLg
987737044263682050,2018-04-21 16:57:17,The more people contribute to real time global consciousness the faster we evolve
987728334971850753,2018-04-21 16:22:40,get past the past
987727961477472257,2018-04-21 16:21:11,be fearless. Express what you feel not what you've been programmed to think.
987704734399188992,2018-04-21 14:48:54,live in love not in fear
987703202119278592,2018-04-21 14:42:48,https://t.co/rtUaPlWqgK
987703106010955778,2018-04-21 14:42:25,Murakami vibes https://t.co/T0H74MSyB7
987699874362675201,2018-04-21 14:29:35,I don't subscribe the term and concept of God fearing.  That's a dated mentality that was used to control people. Wâ€¦ https://t.co/JLe987Uc1k
987698250093215745,2018-04-21 14:23:08,only free thinkers
987696355341553665,2018-04-21 14:15:36,I love the way Candace Owens thinks
987422543849013248,2018-04-20 20:07:34,the world is our office
987422322301722624,2018-04-20 20:06:41,Yeezy is based in Calabasas but will also be setting up offices in New York London and Wyoming
987420889258967040,2018-04-20 20:01:00,style is genderless
987417308124475392,2018-04-20 19:46:46,strive for universal consciousness not segregated consciousness
987413820447473665,2018-04-20 19:32:54,everything is so planned these days. People appreciate spontaneity and honesty.
987411753423130625,2018-04-20 19:24:41,iterations of ideas are how culture evolves.
987411705599746048,2018-04-20 19:24:30,sharing is community holding information is capitalism
987411655721021440,2018-04-20 19:24:18,images are limitless and words aren't. Words are defined
987411453131943936,2018-04-20 19:23:30,I donâ€™t believe in horizontal hierarchy. If you build a ladder too high itâ€™s actually most dangerous for the people at the top.
987399001929539584,2018-04-20 18:34:01,all you have to be is yourself
987398904017649664,2018-04-20 18:33:38,wtfâ˜ ï¸ https://t.co/UailY6uZmO
987386965984079873,2018-04-20 17:46:12,track pant boots ğŸ¤·â€â™‚ï¸â˜ ï¸â˜ ï¸â˜ ï¸â˜ ï¸â˜ ï¸â˜ ï¸â˜ ï¸â˜ ï¸â˜ ï¸ https://t.co/oXl71gn3L9
987386205045112832,2018-04-20 17:43:10,Grocery story dripÂ Â Â Erewhon drip laundry day drip airport drip ğŸ™ˆğŸ˜­ğŸ”¥ğŸ”¥ğŸ”¥ğŸ”¥ğŸ”¥ğŸ”¥ğŸ”¥ğŸ”¥ğŸ”¥ğŸ”¥ğŸ˜± https://t.co/IWkJ4kdZOB
987385383485825024,2018-04-20 17:39:54,rough draft https://t.co/cpY3ohu7wn
987384134992412672,2018-04-20 17:34:57,Columbia references ğŸ”¥ğŸ”¥ğŸ”¥ğŸ”¥ğŸ”¥ğŸ”¥ğŸ”¥ğŸ”¥ğŸ”¥ğŸ”¥ğŸ”¥ğŸ”¥ğŸ”¥ğŸ”¥ğŸ”¥ğŸ™ˆğŸ¤·â€â™‚ï¸ğŸ”¥ğŸ”¥ğŸ”¥ğŸ”¥ğŸ”¥ğŸ”¥ğŸ”¥ğŸ”¥ğŸ”¥â˜ ï¸ https://t.co/IdbPsa7ziv
987382621788237824,2018-04-20 17:28:56,I need a water proof silk nylon as soon as possible.
987382297182654464,2018-04-20 17:27:38,people are celebrating real ideas and vibe. Not just hype
987381246761160705,2018-04-20 17:23:28,we need to Aman Giri the world
987108897256173568,2018-04-19 23:21:15,ğŸ™ˆğŸ™ˆğŸ™ˆğŸ”¥ğŸ”¥ğŸ”¥ğŸ”¥ğŸ”¥ğŸ”¥ğŸ”¥ğŸ”¥ğŸ”¥ğŸ”¥ğŸ”¥ğŸ”¥â˜ ï¸â˜ ï¸â˜ ï¸ https://t.co/JvPQbhCVd3
987099917087793155,2018-04-19 22:45:34,Yeezy 451 early prototype https://t.co/ojm0blPyyv
987099567119261696,2018-04-19 22:44:10,the beauty is in the imperfection(s)
987089249605378048,2018-04-19 22:03:10,ğŸ€ğŸ™ˆğŸ™ˆğŸ™ˆğŸ”¥ğŸ”¥ğŸ”¥ğŸ”¥ğŸ”¥ğŸ”¥ğŸ”¥ğŸ”¥ğŸ”¥ğŸ”¥ğŸ”¥ğŸ”¥ğŸ”¥ğŸ”¥ğŸ”¥ğŸ”¥ğŸ”¥ğŸ”¥ğŸ”¥ğŸ”¥ğŸ”¥ğŸ”¥ğŸ”¥ğŸ”¥ğŸ”¥ğŸ”¥ https://t.co/Av6YCKxMVi
987087935978614785,2018-04-19 21:57:57,Yeezy slides https://t.co/PZ5HcqX8gw
987086781697806336,2018-04-19 21:53:22,ğŸ™ˆğŸ™ˆğŸ™ˆğŸ”¥ğŸ”¥ğŸ”¥ğŸ”¥ğŸ”¥ğŸ”¥ğŸ”¥ğŸ”¥ğŸ”¥ğŸ”¥ğŸ”¥ğŸ”¥ğŸ”¥ https://t.co/E7Kse1UH2B
987086452096774145,2018-04-19 21:52:04,transparent https://t.co/NZlJgaLDMD
987086305963094017,2018-04-19 21:51:29,Pull up in this bitch like https://t.co/0dgj9f5arg
987069631696289792,2018-04-19 20:45:13,Pusha T May 25th
987069464687489024,2018-04-19 20:44:33,Teyana Taylor June 22nd
987052001023279104,2018-04-19 19:35:10,it's called Kids See Ghost. That's the name of our group
987051337782181889,2018-04-19 19:32:32,me and Cudi album June 8th
987049937434112000,2018-04-19 19:26:58,June 1st
987049500177920000,2018-04-19 19:25:13,my album is 7 songs
987018557660717056,2018-04-19 17:22:16,it's not where you take things from.  It's where you take them to
987010884412227584,2018-04-19 16:51:47,https://t.co/u9i5vxVo7w
986979473496002560,2018-04-19 14:46:58,we're all servants
986976721680285696,2018-04-19 14:36:02,today will be the greatest day so far. Life keeps getting better and better.
986759302311395328,2018-04-19 00:12:05,if you wanna see the true character of person watch the way they treat someone who can't do anything for them.
986756823981015040,2018-04-19 00:02:14,truth is my goal. Controversy is my gym. I'll do a hundred reps of controversy for a 6 pack of truth
986687322140721152,2018-04-18 19:26:04,don't trade your authenticity for approval
986681735961182208,2018-04-18 19:03:52,https://t.co/us1NHR9r96
986647008176881664,2018-04-18 16:45:52,let's be less concerned with ownership of ideas. It is important that ideas see the light of day even if you don'tâ€¦ https://t.co/Dj2iqElo8O
986646262446305281,2018-04-18 16:42:54,"I find myself getting stuck in the idea of originality and letting my ego push me to say things like ""this person sâ€¦ https://t.co/uxO7nLJnzn"
986641122381344768,2018-04-18 16:22:29,Cars have four wheels. Hoodies have hoods. It's amusing to me when some one says this is an original hoodie. Bro... it's a hoodie ğŸ¤·â€â™‚ï¸
986640217904852993,2018-04-18 16:18:53,too much emphasis is put on originality. Feel free to take ideas and update them at your will all great artist take and update.
986629658211844097,2018-04-18 15:36:55,There's love stories.  Pain happiness. It's 3 dementional. There's taste touch sound. It's the most entertaining foâ€¦ https://t.co/KmVz4qGO1h
986629639874297856,2018-04-18 15:36:51,Be here now. Be in the moment. The now is the greatest moment of our lives and it just keeps getting better. The baâ€¦ https://t.co/hjW0wl1JLU
986626607421898752,2018-04-18 15:24:48,me and my friend Anthony Schiller always ask questions about time. Is time linear? I recently did an interview wherâ€¦ https://t.co/H3bzYZIPQi
986625837330923520,2018-04-18 15:21:44,"I will work on this ""book"" when I feel it. When We sit still in the mornings We get hit with so many ideas and so mâ€¦ https://t.co/SB0cuEwTm5"
986625627364077568,2018-04-18 15:20:54,oh by the way this is my book that I'm writing in real time. No publisher or publicist will tell me what to put wheâ€¦ https://t.co/5ZozwEfqv3
986625491242172419,2018-04-18 15:20:22,everyone will say he needs to learn how to act. At home parental acting classes are one of the first steps to us loâ€¦ https://t.co/WUqu4QHsbO
986625468148269056,2018-04-18 15:20:16,"in life, we are all trained actors. When we're born we're ourselves and then one of the first things we're thoughtâ€¦ https://t.co/b0b5NgrGxT"
986624649311088642,2018-04-18 15:17:01,just stop lying about shit. Just stop lying.
986624497301127169,2018-04-18 15:16:25,You will be a drop of water with the ocean as your army. If you move out of fear than your on your own. Then it's jâ€¦ https://t.co/2nPREd4e5M
986624438106865664,2018-04-18 15:16:11,I don't believe in the concept of an enemy. We have been conditioned to always be in competition. Stop looking forâ€¦ https://t.co/rsJxZGEMfQ
986624114579333120,2018-04-18 15:14:54,Don't follow crowds. Follow the innate feelings inside of you. Do what you feel not what you think. Thoughts have bâ€¦ https://t.co/pLnhteIyGP
986621201920356352,2018-04-18 15:03:19,You have the best ideas. Other people's opinions are usually more  distractive than informative. Follow your own viâ€¦ https://t.co/wgQ0ElzjBm
986621133976887296,2018-04-18 15:03:03,when you first wake up don't hop right on the phone or the internet or even speak to anyone for even up to an hourâ€¦ https://t.co/7ZRIe8oL5f
986397252536041472,2018-04-18 00:13:26,trend is always late
986328518618267648,2018-04-17 19:40:18,been reworking the production shape on these #RATBOOTS ğŸ€ğŸ€ğŸ€for 6 months.  I'm super happy  with them. I'm excited abâ€¦ https://t.co/wFIz2bLBRA
986318237116915715,2018-04-17 18:59:27,be transparent as possible. Stop setting plays. Stop playing chess with life. Make decisions based on love not fear.
986317567173197829,2018-04-17 18:56:47,Fear often causes people to be manipulative
986316732905283584,2018-04-17 18:53:28,everything you do in life stems from either fear or love
986303548664307712,2018-04-17 18:01:05,Sometimes you have to get rid of everything
986303453763899392,2018-04-17 18:00:42,distraction is the enemy of vision
986302853047308288,2018-04-17 17:58:19,try to avoid any contractual situation where you are held back from your ideas
986302193715294208,2018-04-17 17:55:42,You have to protect your ability to create at all cost
986302131106975749,2018-04-17 17:55:27,As a creative your ideas are your strongest form of currency
985700807571050497,2018-04-16 02:06:00,https://t.co/a8fkLtTuXD
985700665648394240,2018-04-16 02:05:26,still working to get these right https://t.co/sgJgAbJa3W
985696164619214848,2018-04-16 01:47:33,also thisâ€¦ https://t.co/uAzWmKuad4
985680838061887488,2018-04-16 00:46:39,I asked my friend to design this neck tat for me https://t.co/io0HUEDuWi
985672345569312768,2018-04-16 00:12:54,early 350 photoshop     I showed Louise Wilson these the last night I saw her https://t.co/gjOT1wbgPK
985672020590546945,2018-04-16 00:11:37,often people working with the existing consciousness are jealous of those who are more in touch and they become harâ€¦ https://t.co/vll90kKHE2
985671904202764288,2018-04-16 00:11:09,Some people have to work within the existing consciousness while some people can shift the consciousness
985665969510117376,2018-04-15 23:47:34,"my favorite moment of walking into MSG to play Saint Pablo, I used to go to the hospital and play Lamar the album wâ€¦ https://t.co/G7lWlwvF0K"
985665287642021888,2018-04-15 23:44:52,caption this https://t.co/9BrCCrftzE
985665114270511105,2018-04-15 23:44:10,My favorite Saint Pablo Tee https://t.co/9Zt7vkqXIl
984991060886683649,2018-04-14 03:05:43,RT @jack: Welcome back @kanyewest! https://t.co/TJPcPiCEJv
501492019328745472,2014-08-18 22:13:09,"RT @UncleRUSH: Police sensitivity training ,diversity initiatives,  body cameras for police     and a fucking arrest. Would be a good startâ€¦"
